Timestamp,File,Line,Type,Original,Fixed
2025-08-02T06:18:28.824Z,"artifacts/studies/experiments/aifs-experiment-case-study.md",26,wikilink,"[[/artifacts/guides/dao-primitives-framework/group-primitives/cells|cells]]","[[artifacts/guides/dao-primitives-framework/group-primitives/cells|cells]]"
2025-08-02T06:18:28.824Z,"artifacts/studies/experiments/aifs-experiment-case-study.md",26,wikilink,"[[/artifacts/patterns/operational-governance|operational governance]]","[[artifacts/patterns/operational-governance|operational governance]]"
2025-08-02T06:18:28.824Z,"artifacts/studies/experiments/aifs-experiment-case-study.md",26,wikilink,"[[/artifacts/patterns/community-governance|community governance]]","[[artifacts/patterns/community-governance|community governance]]"
2025-08-02T06:18:28.824Z,"artifacts/studies/experiments/aifs-experiment-case-study.md",62,wikilink,"[[/artifacts/guides/dao-primitives-framework/group-primitives/cells|cells]]","[[artifacts/guides/dao-primitives-framework/group-primitives/cells|cells]]"
2025-08-02T06:18:28.824Z,"artifacts/studies/experiments/aifs-experiment-case-study.md",62,wikilink,"[[/tags/roles|roles]]","[[tags/roles|roles]]"
2025-08-02T06:18:28.824Z,"artifacts/studies/experiments/aifs-experiment-case-study.md",62,wikilink,"[[/artifacts/guides/dao-primitives-framework/group-primitives/tasks|tasks]]","[[artifacts/guides/dao-primitives-framework/group-primitives/tasks|tasks]]"
2025-08-02T06:18:28.824Z,"artifacts/studies/experiments/aifs-experiment-case-study.md",90,wikilink,"[[/artifacts/guides/dao-primitives-framework/group-primitives/cells|cells]]","[[artifacts/guides/dao-primitives-framework/group-primitives/cells|cells]]"
2025-08-02T06:18:28.824Z,"artifacts/studies/experiments/aifs-experiment-case-study.md",90,wikilink,"[[/artifacts/patterns/operational-governance|operational governance]]","[[artifacts/patterns/operational-governance|operational governance]]"
2025-08-02T06:18:28.824Z,"artifacts/studies/experiments/aifs-experiment-case-study.md",90,wikilink,"[[/artifacts/patterns/community-governance|community governance]]","[[artifacts/patterns/community-governance|community governance]]"
2025-08-02T06:18:28.824Z,"artifacts/studies/experiments/aifs-experiment-case-study.md",92,wikilink,"[[/artifacts/guides/dao-primitives-framework/group-primitives/cells|cells]]","[[artifacts/guides/dao-primitives-framework/group-primitives/cells|cells]]"
2025-08-02T06:18:28.824Z,"artifacts/studies/experiments/aifs-experiment-case-study.md",102,wikilink,"[[/artifacts/guides/dao-primitives-framework/group-primitives/cells|cells]]","[[artifacts/guides/dao-primitives-framework/group-primitives/cells|cells]]"
2025-08-02T06:18:28.824Z,"artifacts/studies/experiments/aifs-experiment-case-study.md",102,wikilink,"[[/tags/roles|roles]]","[[tags/roles|roles]]"
2025-08-02T06:18:28.824Z,"artifacts/studies/experiments/aifs-experiment-case-study.md",102,wikilink,"[[/artifacts/guides/dao-primitives-framework/group-primitives/tasks|tasks]]","[[artifacts/guides/dao-primitives-framework/group-primitives/tasks|tasks]]"
2025-08-02T06:18:28.824Z,"artifacts/studies/experiments/aifs-experiment-case-study.md",132,wikilink,"[[/artifacts/patterns/operational-governance|operational governance]]","[[artifacts/patterns/operational-governance|operational governance]]"
2025-08-02T06:18:28.824Z,"artifacts/studies/experiments/aifs-experiment-case-study.md",132,wikilink,"[[/artifacts/patterns/community-governance|community governance]]","[[artifacts/patterns/community-governance|community governance]]"
2025-08-02T06:18:28.824Z,"artifacts/studies/experiments/aifs-experiment-case-study.md",135,wikilink,"[[/artifacts/guides/dao-primitives-framework/group-primitives/cells|cells]]","[[artifacts/guides/dao-primitives-framework/group-primitives/cells|cells]]"
2025-08-02T06:18:28.824Z,"artifacts/studies/experiments/aifs-experiment-case-study.md",137,wikilink,"[[/artifacts/patterns/operational-governance|operational governance]]","[[artifacts/patterns/operational-governance|operational governance]]"
2025-08-02T06:18:28.824Z,"artifacts/studies/experiments/aifs-experiment-case-study.md",137,wikilink,"[[/artifacts/patterns/community-governance|community governance]]","[[artifacts/patterns/community-governance|community governance]]"
2025-08-02T06:18:28.824Z,"artifacts/studies/experiments/aifs-experiment-case-study.md",137,wikilink,"[[/artifacts/guides/dao-primitives-framework/group-state|Group State]]","[[artifacts/guides/dao-primitives-framework/group-state|Group State]]"
2025-08-02T06:18:28.824Z,"artifacts/studies/experiments/aifs-experiment-case-study.md",145,wikilink,"[[/artifacts/guides/dao-primitives-framework/group-primitives/cells|cell]]","[[artifacts/guides/dao-primitives-framework/group-primitives/cells|cell]]"
2025-08-02T06:18:28.824Z,"artifacts/studies/experiments/aifs-experiment-case-study.md",162,wikilink,"[[/tags/roles|roles]]","[[tags/roles|roles]]"
2025-08-02T06:18:28.824Z,"artifacts/studies/experiments/aifs-experiment-case-study.md",163,wikilink,"[[/artifacts/guides/dao-primitives-framework/group-primitives/tasks|tasks]]","[[artifacts/guides/dao-primitives-framework/group-primitives/tasks|tasks]]"
2025-08-02T06:18:28.824Z,"artifacts/studies/experiments/aifs-experiment-case-study.md",170,wikilink,"[[/artifacts/guides/dao-primitives-framework/group-state|Group State]]","[[artifacts/guides/dao-primitives-framework/group-state|Group State]]"
2025-08-02T06:18:28.824Z,"artifacts/studies/experiments/aifs-experiment-case-study.md",178,wikilink,"[[/artifacts/guides/dao-primitives-framework/group-primitives/cells|cells]]","[[artifacts/guides/dao-primitives-framework/group-primitives/cells|cells]]"
2025-08-02T06:18:28.824Z,"artifacts/studies/experiments/aifs-experiment-case-study.md",214,wikilink,"[[/artifacts/patterns/operational-governance|operational governance]]","[[artifacts/patterns/operational-governance|operational governance]]"
2025-08-02T06:18:28.824Z,"artifacts/studies/experiments/aifs-experiment-case-study.md",214,wikilink,"[[/artifacts/patterns/community-governance|community governance]]","[[artifacts/patterns/community-governance|community governance]]"
2025-08-02T06:18:28.824Z,"artifacts/studies/experiments/aifs-experiment-case-study.md",214,wikilink,"[[/artifacts/guides/dao-primitives-framework/group-primitives/cells|cells]]","[[artifacts/guides/dao-primitives-framework/group-primitives/cells|cells]]"
2025-08-02T06:18:28.824Z,"artifacts/studies/experiments/aifs-experiment-case-study.md",214,wikilink,"[[/artifacts/guides/dao-primitives-framework/group-state|Group State]]","[[artifacts/guides/dao-primitives-framework/group-state|Group State]]"
2025-08-02T06:18:28.824Z,"artifacts/studies/experiments/aifs-experiment-case-study.md",266,wikilink,"[[/artifacts/guides/dao-primitives-framework/group-primitives/cells|cells]]","[[artifacts/guides/dao-primitives-framework/group-primitives/cells|cells]]"
2025-08-02T06:18:28.824Z,"artifacts/studies/experiments/aifs-experiment-case-study.md",266,wikilink,"[[/artifacts/patterns/operational-governance|operational governance]]","[[artifacts/patterns/operational-governance|operational governance]]"
2025-08-02T06:18:28.824Z,"artifacts/studies/experiments/aifs-experiment-case-study.md",266,wikilink,"[[/artifacts/patterns/community-governance|community governance]]","[[artifacts/patterns/community-governance|community governance]]"
2025-08-02T06:18:28.824Z,"artifacts/studies/experiments/aifs-experiment-case-study.md",270,wikilink,"[[/artifacts/patterns/operational-governance|operational governance]]","[[artifacts/patterns/operational-governance|operational governance]]"
2025-08-02T06:18:28.824Z,"artifacts/studies/experiments/aifs-experiment-case-study.md",270,wikilink,"[[/artifacts/patterns/community-governance|community governance]]","[[artifacts/patterns/community-governance|community governance]]"
2025-08-02T06:18:28.824Z,"artifacts/studies/experiments/aifs-experiment-case-study.md",280,wikilink,"[[/artifacts/patterns/operational-governance|operational governance]]","[[artifacts/patterns/operational-governance|operational governance]]"
2025-08-02T06:18:28.824Z,"artifacts/studies/experiments/aifs-experiment-case-study.md",280,wikilink,"[[/artifacts/patterns/community-governance|community governance]]","[[artifacts/patterns/community-governance|community governance]]"
2025-08-02T06:18:28.824Z,"artifacts/studies/experiments/aifs-experiment-case-study.md",280,wikilink,"[[/artifacts/guides/dao-primitives-framework/group-primitives/cells|cells]]","[[artifacts/guides/dao-primitives-framework/group-primitives/cells|cells]]"
2025-08-02T06:18:28.824Z,"artifacts/studies/experiments/aifs-experiment-case-study.md",296,wikilink,"[[/artifacts/patterns/operational-governance|operational governance]]","[[artifacts/patterns/operational-governance|operational governance]]"
2025-08-02T06:18:28.824Z,"artifacts/studies/experiments/aifs-experiment-case-study.md",296,wikilink,"[[/artifacts/patterns/community-governance|community governance]]","[[artifacts/patterns/community-governance|community governance]]"
2025-08-02T06:18:28.824Z,"artifacts/studies/experiments/aifs-experiment-case-study.md",298,wikilink,"[[/artifacts/guides/dao-primitives-framework/group-primitives/cells|cells]]","[[artifacts/guides/dao-primitives-framework/group-primitives/cells|cells]]"
2025-08-02T06:18:28.824Z,"artifacts/studies/experiments/aifs-experiment-case-study.md",308,wikilink,"[[/artifacts/patterns/operational-governance|operational governance]]","[[artifacts/patterns/operational-governance|operational governance]]"
2025-08-02T06:18:28.824Z,"artifacts/studies/experiments/aifs-experiment-case-study.md",308,wikilink,"[[/artifacts/patterns/community-governance|community governance]]","[[artifacts/patterns/community-governance|community governance]]"
2025-08-02T06:18:28.824Z,"artifacts/studies/experiments/aifs-experiment-case-study.md",308,wikilink,"[[/artifacts/guides/dao-primitives-framework/group-primitives/cells|cells]]","[[artifacts/guides/dao-primitives-framework/group-primitives/cells|cells]]"
2025-08-02T06:18:28.824Z,"artifacts/studies/experiments/aifs-experiment-case-study.md",308,wikilink,"[[/artifacts/guides/dao-primitives-framework/group-state|Group State]]","[[artifacts/guides/dao-primitives-framework/group-state|Group State]]"
2025-08-02T06:18:28.824Z,"artifacts/guides/dao-primitives-framework/dao-primitives-framework.md",44,wikilink,"[[/tags/purpose|purpose]]","[[tags/purpose|purpose]]"
2025-08-02T06:18:28.824Z,"artifacts/guides/dao-primitives-framework/dao-primitives-framework.md",44,wikilink,"[[/tags/teams|teams]]","[[tags/teams|teams]]"
2025-08-02T06:18:28.824Z,"artifacts/guides/dao-primitives-framework/dao-primitives-framework.md",46,wikilink,"[[/tags/decentralization|Decentralized organizations]]","[[tags/decentralization|Decentralized organizations]]"
2025-08-02T06:18:28.824Z,"artifacts/guides/dao-primitives-framework/dao-primitives-framework.md",48,wikilink,"[[/tags/coordination|coordination]]","[[tags/coordination|coordination]]"
2025-08-02T06:18:28.824Z,"artifacts/guides/dao-primitives-framework/dao-primitives-framework.md",50,wikilink,"[[/tags/decentralization|Decentralized organizations]]","[[tags/decentralization|Decentralized organizations]]"
2025-08-02T06:18:28.824Z,"artifacts/guides/dao-primitives-framework/dao-primitives-framework.md",50,wikilink,"[[/tags/coordination|coordinate]]","[[tags/coordination|coordinate]]"
2025-08-02T06:18:28.824Z,"artifacts/guides/dao-primitives-framework/dao-primitives-framework.md",52,wikilink,"[[/tags/purpose|purpose]]","[[tags/purpose|purpose]]"
2025-08-02T06:18:28.824Z,"artifacts/guides/dao-primitives-framework/dao-primitives-framework.md",52,wikilink,"[[/tags/teams|teams]]","[[tags/teams|teams]]"
2025-08-02T06:18:28.824Z,"artifacts/guides/dao-primitives-framework/dao-primitives-framework.md",56,wikilink,"[[/tags/primitives|Primitives]]","[[tags/primitives|Primitives]]"
2025-08-02T06:18:28.824Z,"artifacts/guides/dao-primitives-framework/dao-primitives-framework.md",56,wikilink,"[[/tags/decentralization|decentralized organizations]]","[[tags/decentralization|decentralized organizations]]"
2025-08-02T06:18:28.824Z,"artifacts/guides/dao-primitives-framework/dao-primitives-framework.md",58,wikilink,"[[/tags/coordination|coordination]]","[[tags/coordination|coordination]]"
2025-08-02T06:18:28.824Z,"artifacts/guides/dao-primitives-framework/dao-primitives-framework.md",60,wikilink,"[[/tags/alignment|alignment]]","[[tags/alignment|alignment]]"
2025-08-02T06:18:28.824Z,"artifacts/guides/dao-primitives-framework/dao-primitives-framework.md",17,markdown,"[DAO Primitives Project](/notes/dao-primitives/dao-primitives.md)","[DAO Primitives Project](notes/dao-primitives/dao-primitives.md)"
2025-08-02T06:18:28.824Z,"artifacts/guides/dao-primitives-framework/dao-primitives-framework.md",73,markdown,"[Group Phase](/artifacts/guides/dao-primitives-framework/group-phase/group-phase.md)","[Group Phase](artifacts/guides/dao-primitives-framework/group-phase/group-phase.md)"
2025-08-02T06:18:28.824Z,"artifacts/guides/dao-primitives-framework/dao-primitives-framework.md",78,markdown,"[Conversation Phase](/artifacts/guides/dao-primitives-framework/group-phase/conversation-phase.md)","[Conversation Phase](artifacts/guides/dao-primitives-framework/group-phase/conversation-phase.md)"
2025-08-02T06:18:28.824Z,"artifacts/guides/dao-primitives-framework/dao-primitives-framework.md",79,markdown,"[Formation Phase](/artifacts/guides/dao-primitives-framework/group-phase/formation-phase.md)","[Formation Phase](artifacts/guides/dao-primitives-framework/group-phase/formation-phase.md)"
2025-08-02T06:18:28.824Z,"artifacts/guides/dao-primitives-framework/dao-primitives-framework.md",80,markdown,"[Organization Phase](/artifacts/guides/dao-primitives-framework/group-phase/organization-phase.md)","[Organization Phase](artifacts/guides/dao-primitives-framework/group-phase/organization-phase.md)"
2025-08-02T06:18:28.824Z,"artifacts/guides/dao-primitives-framework/dao-primitives-framework.md",81,markdown,"[Coordination Phase](/artifacts/guides/dao-primitives-framework/group-phase/coordination-phase.md)","[Coordination Phase](artifacts/guides/dao-primitives-framework/group-phase/coordination-phase.md)"
2025-08-02T06:18:28.824Z,"artifacts/guides/dao-primitives-framework/dao-primitives-framework.md",82,markdown,"[Completion Phase](/artifacts/guides/dao-primitives-framework/group-phase/completion-phase.md)","[Completion Phase](artifacts/guides/dao-primitives-framework/group-phase/completion-phase.md)"
2025-08-02T06:18:28.824Z,"artifacts/guides/dao-primitives-framework/dao-primitives-framework.md",84,markdown,"[Group Phase](/artifacts/guides/dao-primitives-framework/group-phase/group-phase.md)","[Group Phase](artifacts/guides/dao-primitives-framework/group-phase/group-phase.md)"
2025-08-02T06:18:28.824Z,"artifacts/guides/dao-primitives-framework/dao-primitives-framework.md",87,markdown,"[Group Scale](/artifacts/guides/dao-primitives-framework/group-scale/group-scale.md)","[Group Scale](artifacts/guides/dao-primitives-framework/group-scale/group-scale.md)"
2025-08-02T06:18:28.824Z,"artifacts/guides/dao-primitives-framework/dao-primitives-framework.md",92,markdown,"[Collaboration Scale](/artifacts/guides/dao-primitives-framework/group-scale/collaboration-scale.md)","[Collaboration Scale](artifacts/guides/dao-primitives-framework/group-scale/collaboration-scale.md)"
2025-08-02T06:18:28.824Z,"artifacts/guides/dao-primitives-framework/dao-primitives-framework.md",93,markdown,"[Coordination Scale](/artifacts/guides/dao-primitives-framework/group-scale/coordination-scale.md)","[Coordination Scale](artifacts/guides/dao-primitives-framework/group-scale/coordination-scale.md)"
2025-08-02T06:18:28.824Z,"artifacts/guides/dao-primitives-framework/dao-primitives-framework.md",94,markdown,"[Constituency Scale](/artifacts/guides/dao-primitives-framework/group-scale/constituency-scale.md)","[Constituency Scale](artifacts/guides/dao-primitives-framework/group-scale/constituency-scale.md)"
2025-08-02T06:18:28.824Z,"artifacts/guides/dao-primitives-framework/dao-primitives-framework.md",95,markdown,"[Network Scale](/artifacts/guides/dao-primitives-framework/group-scale/network-scale.md)","[Network Scale](artifacts/guides/dao-primitives-framework/group-scale/network-scale.md)"
2025-08-02T06:18:28.824Z,"artifacts/guides/dao-primitives-framework/dao-primitives-framework.md",99,markdown,"[Group Scale](/artifacts/guides/dao-primitives-framework/group-scale/group-scale.md)","[Group Scale](artifacts/guides/dao-primitives-framework/group-scale/group-scale.md)"
2025-08-02T06:18:28.824Z,"artifacts/guides/dao-primitives-framework/dao-primitives-framework.md",102,markdown,"[Group State](/artifacts/guides/dao-primitives-framework/group-state.md)","[Group State](artifacts/guides/dao-primitives-framework/group-state.md)"
2025-08-02T06:18:28.824Z,"artifacts/guides/dao-primitives-framework/dao-primitives-framework.md",114,markdown,"[Group State](/artifacts/guides/dao-primitives-framework/group-state.md)","[Group State](artifacts/guides/dao-primitives-framework/group-state.md)"
2025-08-02T06:18:28.824Z,"artifacts/guides/dao-primitives-framework/dao-primitives-framework.md",134,markdown,"[DAOs](/artifacts/guides/dao-primitives-framework/group-primitives/daos.md)","[DAOs](artifacts/guides/dao-primitives-framework/group-primitives/daos.md)"
2025-08-02T06:18:28.824Z,"artifacts/guides/dao-primitives-framework/dao-primitives-framework.md",135,markdown,"[Cells](/artifacts/guides/dao-primitives-framework/group-primitives/cells.md)","[Cells](artifacts/guides/dao-primitives-framework/group-primitives/cells.md)"
2025-08-02T06:18:28.824Z,"artifacts/guides/dao-primitives-framework/dao-primitives-framework.md",136,markdown,"[Roles](/artifacts/guides/dao-primitives-framework/group-primitives/roles.md)","[Roles](artifacts/guides/dao-primitives-framework/group-primitives/roles.md)"
2025-08-02T06:18:28.824Z,"artifacts/guides/dao-primitives-framework/dao-primitives-framework.md",137,markdown,"[Tasks](/artifacts/guides/dao-primitives-framework/group-primitives/tasks.md)","[Tasks](artifacts/guides/dao-primitives-framework/group-primitives/tasks.md)"
2025-08-02T06:18:28.824Z,"artifacts/guides/dao-primitives-framework/dao-primitives-framework.md",143,markdown,"[Group Facilitation Guide](/artifacts/guides/dao-primitives-framework/group-facilitation.md)","[Group Facilitation Guide](artifacts/guides/dao-primitives-framework/group-facilitation.md)"
2025-08-02T06:18:28.824Z,"artifacts/guides/dao-primitives-framework/dao-primitives-framework.md",149,markdown,"[Pattern Library](/notes/dao-primitives/implementation/patterns/patterns.md)","[Pattern Library](notes/dao-primitives/implementation/patterns/patterns.md)"
2025-08-02T06:18:28.824Z,"artifacts/guides/dao-primitives-framework/dao-primitives-framework.md",188,markdown,"[Minimum Viable Permissionless-ness](/artifacts/articles/network-evolution/Minimum Viable Permissionless-ness.md)","[Minimum Viable Permissionless-ness](artifacts/articles/network-evolution/Minimum Viable Permissionless-ness.md)"
2025-08-02T06:18:28.824Z,"artifacts/guides/dao-primitives-framework/dao-primitives-framework.md",223,markdown,"[Pattern Library](/notes/dao-primitives/implementation/patterns/patterns.md)","[Pattern Library](notes/dao-primitives/implementation/patterns/patterns.md)"
2025-08-02T06:18:28.824Z,"artifacts/guides/dao-primitives-framework/dao-primitives-framework.md",224,markdown,"[Implementation](/notes/dao-primitives/implementation/implementation.md)","[Implementation](notes/dao-primitives/implementation/implementation.md)"
2025-08-02T06:18:28.824Z,"artifacts/guides/dao-primitives-framework/dao-primitives-framework.md",225,markdown,"[Resources](/notes/dao-primitives/resources/resources.md)","[Resources](notes/dao-primitives/resources/resources.md)"
2025-08-02T06:18:28.824Z,"artifacts/studies/experiments/equality-fund-experiment-case-study.md",25,wikilink,"[[/tags/web3|Web3]]","[[tags/web3|Web3]]"
2025-08-02T06:18:28.824Z,"artifacts/studies/experiments/equality-fund-experiment-case-study.md",25,wikilink,"[[/tags/blockchain|blockchain]]","[[tags/blockchain|blockchain]]"
2025-08-02T06:18:28.824Z,"artifacts/studies/experiments/equality-fund-experiment-case-study.md",35,wikilink,"[[/tags/grants|grants]]","[[tags/grants|grants]]"
2025-08-02T06:18:28.824Z,"artifacts/studies/experiments/equality-fund-experiment-case-study.md",37,wikilink,"[[/tags/participatory-governance|participatory governance]]","[[tags/participatory-governance|participatory governance]]"
2025-08-02T06:18:28.824Z,"artifacts/studies/experiments/equality-fund-experiment-case-study.md",47,wikilink,"[[/tags/transformation|transformation]]","[[tags/transformation|transformation]]"
2025-08-02T06:18:28.824Z,"artifacts/studies/experiments/equality-fund-experiment-case-study.md",51,wikilink,"[[/tags/p2p-payments|Peer to peer payments]]","[[tags/p2p-payments|Peer to peer payments]]"
2025-08-02T06:18:28.824Z,"artifacts/studies/experiments/equality-fund-experiment-case-study.md",51,wikilink,"[[/tags/privacy|privacy]]","[[tags/privacy|privacy]]"
2025-08-02T06:18:28.824Z,"artifacts/studies/experiments/equality-fund-experiment-case-study.md",53,wikilink,"[[/tags/participatory-governance|Participatory governance]]","[[tags/participatory-governance|Participatory governance]]"
2025-08-02T06:18:28.824Z,"artifacts/studies/experiments/equality-fund-experiment-case-study.md",55,wikilink,"[[/tags/impact-attestations|Impact Attestations]]","[[tags/impact-attestations|Impact Attestations]]"
2025-08-02T06:18:28.824Z,"artifacts/studies/experiments/equality-fund-experiment-case-study.md",57,wikilink,"[[/tags/coordination|coordination]]","[[tags/coordination|coordination]]"
2025-08-02T06:18:28.824Z,"artifacts/studies/experiments/equality-fund-experiment-case-study.md",67,wikilink,"[[/tags/p2p-payments|peer to peer payments]]","[[tags/p2p-payments|peer to peer payments]]"
2025-08-02T06:18:28.824Z,"artifacts/studies/experiments/equality-fund-experiment-case-study.md",81,wikilink,"[[/tags/participatory-governance|participatory governance]]","[[tags/participatory-governance|participatory governance]]"
2025-08-02T06:18:28.824Z,"artifacts/studies/experiments/equality-fund-experiment-case-study.md",98,wikilink,"[[/tags/p2p-payments|peer to peer payments]]","[[tags/p2p-payments|peer to peer payments]]"
2025-08-02T06:18:28.824Z,"artifacts/studies/experiments/equality-fund-experiment-case-study.md",108,wikilink,"[[/tags/p2p-payments|Peer to peer payments]]","[[tags/p2p-payments|Peer to peer payments]]"
2025-08-02T06:18:28.824Z,"artifacts/studies/experiments/equality-fund-experiment-case-study.md",112,wikilink,"[[/tags/participatory-governance|Participatory governance]]","[[tags/participatory-governance|Participatory governance]]"
2025-08-02T06:18:28.824Z,"artifacts/studies/experiments/equality-fund-experiment-case-study.md",114,wikilink,"[[/tags/impact-attestations|Impact Attestations]]","[[tags/impact-attestations|Impact Attestations]]"
2025-08-02T06:18:28.824Z,"artifacts/studies/experiments/equality-fund-experiment-case-study.md",124,wikilink,"[[/tags/participatory-governance|participatory governance]]","[[tags/participatory-governance|participatory governance]]"
2025-08-02T06:18:28.824Z,"artifacts/studies/experiments/equality-fund-experiment-case-study.md",132,wikilink,"[[/tags/participatory-governance|participatory governance]]","[[tags/participatory-governance|participatory governance]]"
2025-08-02T06:18:28.824Z,"artifacts/studies/experiments/equality-fund-experiment-case-study.md",136,wikilink,"[[/tags/p2p-payments|peer to peer payments]]","[[tags/p2p-payments|peer to peer payments]]"
2025-08-02T06:18:28.824Z,"artifacts/studies/experiments/equality-fund-experiment-case-study.md",138,wikilink,"[[/tags/impact-attestations|Impact Attestations]]","[[tags/impact-attestations|Impact Attestations]]"
2025-08-02T06:18:28.824Z,"artifacts/studies/experiments/equality-fund-experiment-case-study.md",144,wikilink,"[[/tags/decentralization|decentralized]]","[[tags/decentralization|decentralized]]"
2025-08-02T06:18:28.824Z,"artifacts/studies/experiments/equality-fund-experiment-case-study.md",144,wikilink,"[[/tags/coordination|coordination]]","[[tags/coordination|coordination]]"
2025-08-02T06:18:28.824Z,"artifacts/patterns/knowledge-gardens.md",35,wikilink,"[[/tags/localism|localism]]","[[tags/localism|localism]]"
2025-08-02T06:18:28.824Z,"artifacts/patterns/knowledge-gardens.md",35,wikilink,"[[/tags/cosmolocalism|cosmolocalism]]","[[tags/cosmolocalism|cosmolocalism]]"
2025-08-02T06:18:28.824Z,"artifacts/patterns/knowledge-gardens.md",38,wikilink,"[[/tags/community|Communities]]","[[tags/community|Communities]]"
2025-08-02T06:18:28.824Z,"artifacts/patterns/knowledge-gardens.md",45,wikilink,"[[/tags/peer-to-peer|peer-to-peer]]","[[tags/peer-to-peer|peer-to-peer]]"
2025-08-02T06:18:28.824Z,"artifacts/patterns/knowledge-gardens.md",45,wikilink,"[[/tags/commons|commons]]","[[tags/commons|commons]]"
2025-08-02T06:18:28.824Z,"artifacts/patterns/knowledge-gardens.md",63,wikilink,"[[/tags/polycentric|polycentric]]","[[tags/polycentric|polycentric]]"
2025-08-02T06:18:28.824Z,"artifacts/patterns/knowledge-gardens.md",92,wikilink,"[[/tags/mutualism|mutualist]]","[[tags/mutualism|mutualist]]"
2025-08-02T06:18:28.824Z,"artifacts/patterns/knowledge-gardens.md",95,wikilink,"[[/tags/sovereignty|sovereignty]]","[[tags/sovereignty|sovereignty]]"
2025-08-02T06:18:28.824Z,"artifacts/patterns/knowledge-gardens.md",103,wikilink,"[[/tags/distributed|Distributed]]","[[tags/distributed|Distributed]]"
2025-08-02T06:18:28.824Z,"artifacts/patterns/knowledge-gardens.md",104,wikilink,"[[/tags/local-first|Local-First]]","[[tags/local-first|Local-First]]"
2025-08-02T06:18:28.824Z,"artifacts/patterns/knowledge-gardens.md",147,wikilink,"[[/tags/regeneration|regenerative]]","[[tags/regeneration|regenerative]]"
2025-08-02T06:18:28.824Z,"artifacts/patterns/knowledge-gardens.md",189,wikilink,"[[/tags/local-first|local-first]]","[[tags/local-first|local-first]]"
2025-08-02T06:18:28.824Z,"artifacts/patterns/knowledge-gardens.md",275,wikilink,"[[/tags/cosmolocalism|cosmolocal]]","[[tags/cosmolocalism|cosmolocal]]"
2025-08-02T06:18:28.824Z,"artifacts/patterns/knowledge-gardens.md",277,wikilink,"[[/tags/localism|local]]","[[tags/localism|local]]"
2025-08-02T06:18:28.824Z,"artifacts/patterns/knowledge-gardens.md",288,wikilink,"[[/artifacts/patterns/poetic-harvesting|Poetic Harvesting Pattern]]","[[artifacts/patterns/poetic-harvesting|Poetic Harvesting Pattern]]"
2025-08-02T06:18:28.824Z,"artifacts/patterns/knowledge-gardens.md",289,wikilink,"[[/artifacts/patterns/progressive-web3-adoption|Progressive Web3 Adoption Pattern]]","[[artifacts/patterns/progressive-web3-adoption|Progressive Web3 Adoption Pattern]]"
2025-08-02T06:18:28.824Z,"artifacts/patterns/knowledge-gardens.md",290,wikilink,"[[/artifacts/patterns/fiscal-bridge-pattern|Fiscal Bridge Pattern]]","[[artifacts/patterns/fiscal-bridge-pattern|Fiscal Bridge Pattern]]"
2025-08-02T06:18:28.824Z,"artifacts/patterns/operational-governance.md",29,wikilink,"[[/tags/teams|teams]]","[[tags/teams|teams]]"
2025-08-02T06:18:28.824Z,"artifacts/patterns/operational-governance.md",29,wikilink,"[[/tags/resources|resources]]","[[tags/resources|resources]]"
2025-08-02T06:18:28.824Z,"artifacts/patterns/operational-governance.md",29,wikilink,"[[/tags/decentralization|decentralized]]","[[tags/decentralization|decentralized]]"
2025-08-02T06:18:28.824Z,"artifacts/patterns/operational-governance.md",31,wikilink,"[[/tags/decisions|decisions]]","[[tags/decisions|decisions]]"
2025-08-02T06:18:28.824Z,"artifacts/patterns/operational-governance.md",31,wikilink,"[[/tags/coordination|coordination]]","[[tags/coordination|coordination]]"
2025-08-02T06:18:28.824Z,"artifacts/patterns/operational-governance.md",33,wikilink,"[[/tags/daos|DAOs]]","[[tags/daos|DAOs]]"
2025-08-02T06:18:28.824Z,"artifacts/patterns/operational-governance.md",33,wikilink,"[[/tags/cooperatives|cooperatives]]","[[tags/cooperatives|cooperatives]]"
2025-08-02T06:18:28.824Z,"artifacts/patterns/operational-governance.md",33,wikilink,"[[/tags/autonomy|autonomy]]","[[tags/autonomy|autonomy]]"
2025-08-02T06:18:28.824Z,"artifacts/patterns/operational-governance.md",43,wikilink,"[[/tags/groups|groups]]","[[tags/groups|groups]]"
2025-08-02T06:18:28.824Z,"artifacts/patterns/operational-governance.md",57,wikilink,"[[/tags/governance|governance]]","[[tags/governance|governance]]"
2025-08-02T06:18:28.824Z,"artifacts/patterns/operational-governance.md",79,wikilink,"[[/tags/transparency|transparency]]","[[tags/transparency|transparency]]"
2025-08-02T06:18:28.824Z,"artifacts/patterns/operational-governance.md",106,wikilink,"[[/tags/groups|Groups]]","[[tags/groups|Groups]]"
2025-08-02T06:18:28.824Z,"artifacts/patterns/operational-governance.md",107,wikilink,"[[/tags/coordi-nations|Coordi-nations]]","[[tags/coordi-nations|Coordi-nations]]"
2025-08-02T06:18:28.824Z,"artifacts/patterns/operational-governance.md",108,wikilink,"[[/artifacts/patterns/community-governance|Community governance]]","[[artifacts/patterns/community-governance|Community governance]]"
2025-08-02T06:18:28.824Z,"artifacts/patterns/operational-governance.md",109,wikilink,"[[/artifacts/guides/dao-primitives-framework/group-state|Group state]]","[[artifacts/guides/dao-primitives-framework/group-state|Group state]]"
2025-08-02T06:18:28.824Z,"artifacts/articles/network-evolution/Building DAOs as scalable networks.md",13,markdown,"[DAOs](/tags/daos.md)","[DAOs](tags/daos.md)"
2025-08-02T06:18:28.824Z,"artifacts/articles/network-evolution/Building DAOs as scalable networks.md",13,markdown,"[Community Governance](/artifacts/patterns/community-governance.md)","[Community Governance](artifacts/patterns/community-governance.md)"
2025-08-02T06:18:28.824Z,"artifacts/articles/network-evolution/Building DAOs as scalable networks.md",13,markdown,"[Operational Governance](/artifacts/patterns/operational-governance.md)","[Operational Governance](artifacts/patterns/operational-governance.md)"
2025-08-02T06:18:28.824Z,"artifacts/articles/network-evolution/Building DAOs as scalable networks.md",13,markdown,"[purpose](/tags/purpose.md)","[purpose](tags/purpose.md)"
2025-08-02T06:18:28.824Z,"artifacts/articles/network-evolution/Building DAOs as scalable networks.md",23,markdown,"[scale](/tags/scale.md)","[scale](tags/scale.md)"
2025-08-02T06:18:28.824Z,"artifacts/articles/network-evolution/Building DAOs as scalable networks.md",27,markdown,"[networks](/tags/networks.md)","[networks](tags/networks.md)"
2025-08-02T06:18:28.824Z,"artifacts/articles/network-evolution/Building DAOs as scalable networks.md",29,markdown,"[DAO primitives](/tags/primitives.md)","[DAO primitives](tags/primitives.md)"
2025-08-02T06:18:28.824Z,"artifacts/articles/network-evolution/Building DAOs as scalable networks.md",29,markdown,"[Cells](/tags/cells.md)","[Cells](tags/cells.md)"
2025-08-02T06:18:28.824Z,"artifacts/articles/network-evolution/Building DAOs as scalable networks.md",96,markdown,"[Community Governance](/artifacts/patterns/community-governance.md)","[Community Governance](artifacts/patterns/community-governance.md)"
2025-08-02T06:18:28.824Z,"artifacts/articles/network-evolution/Building DAOs as scalable networks.md",98,markdown,"[Operational Governance](/artifacts/guides/dao-primitives-framework/dao-primitives-implemention/implementation-guide-operational-governance.md)","[Operational Governance](artifacts/guides/dao-primitives-framework/dao-primitives-implemention/implementation-guide-operational-governance.md)"
2025-08-02T06:18:28.824Z,"artifacts/articles/network-evolution/Building DAOs as scalable networks.md",121,markdown,"[Collaboration Scale](/artifacts/guides/dao-primitives-framework/group-scale/collaboration-scale.md)","[Collaboration Scale](artifacts/guides/dao-primitives-framework/group-scale/collaboration-scale.md)"
2025-08-02T06:18:28.824Z,"artifacts/articles/network-evolution/Building DAOs as scalable networks.md",122,markdown,"[Coordination Scale](/artifacts/guides/dao-primitives-framework/group-scale/coordination-scale.md)","[Coordination Scale](artifacts/guides/dao-primitives-framework/group-scale/coordination-scale.md)"
2025-08-02T06:18:28.824Z,"artifacts/articles/network-evolution/Building DAOs as scalable networks.md",123,markdown,"[Constituency Scale](/artifacts/guides/dao-primitives-framework/group-scale/constituency-scale.md)","[Constituency Scale](artifacts/guides/dao-primitives-framework/group-scale/constituency-scale.md)"
2025-08-02T06:18:28.824Z,"artifacts/articles/network-evolution/Building DAOs as scalable networks.md",147,markdown,"[Minimum Viable Permissionless-ness](/artifacts/articles/network-evolution/Minimum Viable Permissionless-ness.md)","[Minimum Viable Permissionless-ness](artifacts/articles/network-evolution/Minimum Viable Permissionless-ness.md)"
2025-08-02T06:18:28.824Z,"artifacts/studies/experiments/ics-experiment-case-study.md",23,wikilink,"[[/tags/decentralization|decentralized]]","[[tags/decentralization|decentralized]]"
2025-08-02T06:18:28.824Z,"artifacts/studies/experiments/ics-experiment-case-study.md",23,wikilink,"[[/tags/governance|governance]]","[[tags/governance|governance]]"
2025-08-02T06:18:28.824Z,"artifacts/studies/experiments/ics-experiment-case-study.md",31,wikilink,"[[/tags/web3|Web3]]","[[tags/web3|Web3]]"
2025-08-02T06:18:28.824Z,"artifacts/studies/experiments/ics-experiment-case-study.md",33,wikilink,"[[/tags/daos|DAOs]]","[[tags/daos|DAOs]]"
2025-08-02T06:18:28.824Z,"artifacts/studies/experiments/ics-experiment-case-study.md",33,wikilink,"[[/tags/roles|roles]]","[[tags/roles|roles]]"
2025-08-02T06:18:28.824Z,"artifacts/studies/experiments/ics-experiment-case-study.md",33,wikilink,"[[/tags/local-nodes|local nodes]]","[[tags/local-nodes|local nodes]]"
2025-08-02T06:18:28.824Z,"artifacts/studies/experiments/ics-experiment-case-study.md",85,wikilink,"[[/tags/impact-attestations|Impact Attestations]]","[[tags/impact-attestations|Impact Attestations]]"
2025-08-02T06:18:28.824Z,"artifacts/studies/experiments/ics-experiment-case-study.md",86,wikilink,"[[/tags/local-nodes|Local nodes]]","[[tags/local-nodes|Local nodes]]"
2025-08-02T06:18:28.824Z,"artifacts/studies/experiments/ics-experiment-case-study.md",104,wikilink,"[[/tags/roles|roles]]","[[tags/roles|roles]]"
2025-08-02T06:18:28.824Z,"artifacts/studies/experiments/ics-experiment-case-study.md",209,wikilink,"[[/tags/local-nodes|Local nodes]]","[[tags/local-nodes|Local nodes]]"
2025-08-02T06:18:28.824Z,"artifacts/studies/experiments/ics-experiment-case-study.md",239,wikilink,"[[/tags/blockchain|blockchain]]","[[tags/blockchain|blockchain]]"
2025-08-02T06:18:28.824Z,"artifacts/studies/experiments/ics-experiment-case-study.md",285,wikilink,"[[/tags/decentralization|decentralized]]","[[tags/decentralization|decentralized]]"
2025-08-02T06:18:28.824Z,"artifacts/studies/experiments/ics-experiment-case-study.md",285,wikilink,"[[/tags/coordination|coordination]]","[[tags/coordination|coordination]]"
2025-08-02T06:18:28.824Z,"artifacts/articles/network-evolution/DAOs aren't things... they are flows..md",17,markdown,"[governance](/tags/governance.md)","[governance](tags/governance.md)"
2025-08-02T06:18:28.824Z,"artifacts/articles/network-evolution/DAOs aren't things... they are flows..md",19,markdown,"[Web3](/tags/blockchain.md)","[Web3](tags/blockchain.md)"
2025-08-02T06:18:28.824Z,"artifacts/articles/network-evolution/DAOs aren't things... they are flows..md",27,markdown,"[network](/tags/networks.md)","[network](tags/networks.md)"
2025-08-02T06:18:28.824Z,"artifacts/articles/network-evolution/DAOs aren't things... they are flows..md",27,markdown,"[scale](/tags/scale.md)","[scale](tags/scale.md)"
2025-08-02T06:18:28.824Z,"artifacts/articles/network-evolution/DAOs aren't things... they are flows..md",31,markdown,"[systems](/tags/systems.md)","[systems](tags/systems.md)"
2025-08-02T06:18:28.824Z,"artifacts/articles/network-evolution/DAOs aren't things... they are flows..md",41,markdown,"[DAO](/tags/daos.md)","[DAO](tags/daos.md)"
2025-08-02T06:18:28.824Z,"artifacts/articles/network-evolution/DAOs aren't things... they are flows..md",45,markdown,"[treasuries](/tags/treasury.md)","[treasuries](tags/treasury.md)"
2025-08-02T06:18:28.824Z,"artifacts/articles/network-evolution/DAOs aren't things... they are flows..md",45,markdown,"[protocols](/tags/protocols.md)","[protocols](tags/protocols.md)"
2025-08-02T06:18:28.824Z,"artifacts/articles/network-evolution/DAOs aren't things... they are flows..md",49,markdown,"[decentralise](/tags/decentralization.md)","[decentralise](tags/decentralization.md)"
2025-08-02T06:18:28.824Z,"artifacts/articles/network-evolution/DAOs aren't things... they are flows..md",58,markdown,"[resources](/tags/resources.md)","[resources](tags/resources.md)"
2025-08-02T06:18:28.824Z,"artifacts/articles/network-evolution/DAOs aren't things... they are flows..md",70,markdown,"[power](/tags/power.md)","[power](tags/power.md)"
2025-08-02T06:18:28.824Z,"artifacts/articles/network-evolution/DAOs aren't things... they are flows..md",83,markdown,"[primitives](/tags/primitives.md)","[primitives](tags/primitives.md)"
2025-08-02T06:18:28.824Z,"artifacts/articles/network-evolution/DAOs aren't things... they are flows..md",104,markdown,"[community](/tags/community.md)","[community](tags/community.md)"
2025-08-02T06:18:28.824Z,"artifacts/guides/dao-primitives-framework/readme.md",5,markdown,"[`framework.md`](/artifacts/guides/dao-primitives-framework/dao-primitives-framework.md)","[`framework.md`](artifacts/guides/dao-primitives-framework/dao-primitives-framework.md)"
2025-08-02T06:18:28.824Z,"artifacts/guides/dao-primitives-framework/readme.md",15,markdown,"[`group-state.md`](/artifacts/guides/dao-primitives-framework/group-state.md)","[`group-state.md`](artifacts/guides/dao-primitives-framework/group-state.md)"
2025-08-02T06:18:28.824Z,"artifacts/guides/dao-primitives-framework/readme.md",40,markdown,"[Group Phase](/artifacts/guides/dao-primitives-framework/group-phase/group-phase.md)","[Group Phase](artifacts/guides/dao-primitives-framework/group-phase/group-phase.md)"
2025-08-02T06:18:28.824Z,"artifacts/guides/dao-primitives-framework/readme.md",42,markdown,"[Group Scale](/artifacts/guides/dao-primitives-framework/group-scale/group-scale.md)","[Group Scale](artifacts/guides/dao-primitives-framework/group-scale/group-scale.md)"
2025-08-02T06:18:28.824Z,"artifacts/guides/dao-primitives-framework/readme.md",44,markdown,"[Group State](/artifacts/guides/dao-primitives-framework/group-state.md)","[Group State](artifacts/guides/dao-primitives-framework/group-state.md)"
2025-08-02T06:18:28.824Z,"artifacts/guides/dao-primitives-framework/readme.md",48,markdown,"[Group Primitives](/artifacts/guides/dao-primitives-framework/group-primitives/group-primitives.md)","[Group Primitives](artifacts/guides/dao-primitives-framework/group-primitives/group-primitives.md)"
2025-08-02T06:18:28.824Z,"artifacts/guides/dao-primitives-framework/readme.md",54,markdown,"[Group Facilitation Guide](/artifacts/guides/dao-primitives-framework/group-facilitation.md)","[Group Facilitation Guide](artifacts/guides/dao-primitives-framework/group-facilitation.md)"
2025-08-02T06:18:28.824Z,"artifacts/guides/dao-primitives-framework/readme.md",56,markdown,"[Conceptual Framework](/artifacts/guides/dao-primitives-framework/dao-primitives-framework.md)","[Conceptual Framework](artifacts/guides/dao-primitives-framework/dao-primitives-framework.md)"
2025-08-02T06:18:28.824Z,"artifacts/guides/dao-primitives-framework/readme.md",62,markdown,"[`dao-primitives-implemention/`](/artifacts/guides/dao-primitives-framework/dao-primitives-implemention/)","[`dao-primitives-implemention/`](artifacts/guides/dao-primitives-framework/dao-primitives-implemention/)"
2025-08-02T06:18:28.824Z,"artifacts/guides/dao-primitives-framework/readme.md",63,markdown,"[`patterns/`](/artifacts/patterns/)","[`patterns/`](artifacts/patterns/)"
2025-08-02T06:18:28.824Z,"artifacts/guides/dao-primitives-framework/readme.md",64,markdown,"[`types/`](/tools/types/)","[`types/`](tools/types/)"
2025-08-02T06:18:28.824Z,"artifacts/articles/network-evolution/network-evolution.md",29,markdown,"[networks](/tags/networks.md)","[networks](tags/networks.md)"
2025-08-02T06:18:28.824Z,"artifacts/articles/network-evolution/network-evolution.md",38,markdown,"[scale](/tags/scale.md)","[scale](tags/scale.md)"
2025-08-02T06:18:28.824Z,"artifacts/articles/network-evolution/network-evolution.md",42,markdown,"[cells](/tags/cells.md)","[cells](tags/cells.md)"
2025-08-02T06:18:28.824Z,"artifacts/articles/network-evolution/network-evolution.md",42,markdown,"[groups](/tags/groups.md)","[groups](tags/groups.md)"
2025-08-02T06:18:28.824Z,"artifacts/articles/network-evolution/network-evolution.md",52,markdown,"[permissions](/tags/permissions.md)","[permissions](tags/permissions.md)"
2025-08-02T06:18:28.824Z,"artifacts/articles/network-evolution/network-evolution.md",52,markdown,"[autonomy](/tags/autonomy.md)","[autonomy](tags/autonomy.md)"
2025-08-02T06:18:28.824Z,"artifacts/articles/network-evolution/network-evolution.md",61,markdown,"[governance](/tags/governance.md)","[governance](tags/governance.md)"
2025-08-02T06:18:28.824Z,"artifacts/articles/network-evolution/network-evolution.md",61,markdown,"[coordination](/tags/coordination.md)","[coordination](tags/coordination.md)"
2025-08-02T06:18:28.824Z,"artifacts/articles/network-evolution/network-evolution.md",67,markdown,"[DAO Primitives Project](/artifacts/guides/dao-primitives-framework/dao-primitives-framework.md)","[DAO Primitives Project](artifacts/guides/dao-primitives-framework/dao-primitives-framework.md)"
2025-08-02T06:18:28.824Z,"artifacts/articles/network-evolution/network-evolution.md",67,markdown,"[Governance for better futures](/artifacts/articles/governance-for-better-futures/governance-for-better-futures.md)","[Governance for better futures](artifacts/articles/governance-for-better-futures/governance-for-better-futures.md)"
2025-08-02T06:18:28.824Z,"artifacts/articles/network-evolution/Scale and the levers that provide DAOs their power.md",19,markdown,"[DAOs aren't things... they are flows.](/artifacts/articles/network-evolution/DAOs aren't things... they are flows..md)","[DAOs aren't things... they are flows.](artifacts/articles/network-evolution/DAOs aren't things... they are flows..md)"
2025-08-02T06:18:28.824Z,"artifacts/articles/network-evolution/Scale and the levers that provide DAOs their power.md",19,markdown,"[Web3](/tags/blockchain.md)","[Web3](tags/blockchain.md)"
2025-08-02T06:18:28.824Z,"artifacts/articles/network-evolution/Scale and the levers that provide DAOs their power.md",23,markdown,"[networks](/tags/networks.md)","[networks](tags/networks.md)"
2025-08-02T06:18:28.824Z,"artifacts/articles/network-evolution/Scale and the levers that provide DAOs their power.md",23,markdown,"[resources](/tags/resources.md)","[resources](tags/resources.md)"
2025-08-02T06:18:28.824Z,"artifacts/articles/network-evolution/Scale and the levers that provide DAOs their power.md",25,markdown,"[systems](/tags/systems.md)","[systems](tags/systems.md)"
2025-08-02T06:18:28.824Z,"artifacts/articles/network-evolution/Scale and the levers that provide DAOs their power.md",27,markdown,"[scale](/artifacts/guides/dao-primitives-framework/group-scale/group-scale.md)","[scale](artifacts/guides/dao-primitives-framework/group-scale/group-scale.md)"
2025-08-02T06:18:28.824Z,"artifacts/articles/network-evolution/Scale and the levers that provide DAOs their power.md",33,markdown,"[power](/tags/power.md)","[power](tags/power.md)"
2025-08-02T06:18:28.824Z,"artifacts/articles/network-evolution/Scale and the levers that provide DAOs their power.md",41,markdown,"[scale](/artifacts/guides/dao-primitives-framework/group-scale/group-scale.md)","[scale](artifacts/guides/dao-primitives-framework/group-scale/group-scale.md)"
2025-08-02T06:18:28.824Z,"artifacts/articles/network-evolution/Scale and the levers that provide DAOs their power.md",117,markdown,"[DAOs aren't things, they are flows](/artifacts/articles/network-evolution/DAOs aren't things... they are flows..md)","[DAOs aren't things, they are flows](artifacts/articles/network-evolution/DAOs aren't things... they are flows..md)"
2025-08-02T06:18:28.824Z,"artifacts/articles/network-evolution/Scale and the levers that provide DAOs their power.md",118,markdown,"[DAOs - From fractal primitives to network scale.](/artifacts/articles/network-evolution/DAOs - From fractal primitives to network scale..md)","[DAOs - From fractal primitives to network scale.](artifacts/articles/network-evolution/DAOs - From fractal primitives to network scale..md)"
2025-08-02T06:18:28.824Z,"artifacts/articles/governance-for-better-futures/Governance for better futures - Meta-governance.md",14,markdown,"[governance](/tags/governance.md)","[governance](tags/governance.md)"
2025-08-02T06:18:28.824Z,"artifacts/articles/governance-for-better-futures/Governance for better futures - Meta-governance.md",14,markdown,"[power](/tags/power.md)","[power](tags/power.md)"
2025-08-02T06:18:28.824Z,"artifacts/articles/governance-for-better-futures/Governance for better futures - Meta-governance.md",18,markdown,"[web3](/tags/blockchain.md)","[web3](tags/blockchain.md)"
2025-08-02T06:18:28.824Z,"artifacts/articles/governance-for-better-futures/Governance for better futures - Meta-governance.md",36,markdown,"[DAOs](/tags/daos.md)","[DAOs](tags/daos.md)"
2025-08-02T06:18:28.824Z,"artifacts/articles/governance-for-better-futures/Governance for better futures - Meta-governance.md",36,markdown,"[protocols](/tags/protocols.md)","[protocols](tags/protocols.md)"
2025-08-02T06:18:28.824Z,"artifacts/articles/governance-for-better-futures/Governance for better futures - Meta-governance.md",38,markdown,"[systems](/tags/systems.md)","[systems](tags/systems.md)"
2025-08-02T06:18:28.824Z,"artifacts/articles/governance-for-better-futures/Governance for better futures - Meta-governance.md",46,markdown,"[networks](/tags/networks.md)","[networks](tags/networks.md)"
2025-08-02T06:18:28.824Z,"artifacts/articles/governance-for-better-futures/Governance for better futures - Meta-governance.md",50,markdown,"[cooperatives](/tags/cooperatives.md)","[cooperatives](tags/cooperatives.md)"
2025-08-02T06:18:28.824Z,"artifacts/articles/governance-for-better-futures/Governance for better futures - Meta-governance.md",62,markdown,"['Autonomy, complexity, emergence, agency, and [transparency](/tags/transparency.md)","['Autonomy, complexity, emergence, agency, and [transparency](tags/transparency.md)"
2025-08-02T06:18:28.824Z,"artifacts/articles/governance-for-better-futures/Governance for better futures - Meta-governance.md",66,markdown,"[decentralisation](/tags/decentralization.md)","[decentralisation](tags/decentralization.md)"
2025-08-02T06:18:28.824Z,"artifacts/patterns/community-governance.md",62,wikilink,"[[/tags/local-nodes|Local Nodes]]","[[tags/local-nodes|Local Nodes]]"
2025-08-02T06:18:28.824Z,"artifacts/patterns/community-governance.md",64,wikilink,"[[/tags/complementary-currencies|Complementary Economics]]","[[tags/complementary-currencies|Complementary Economics]]"
2025-08-02T06:18:28.824Z,"artifacts/patterns/community-governance.md",67,wikilink,"[[/notes/rpp/rpp-working-docs/biofi|Bioregional Finance]]","[[notes/rpp/rpp-working-docs/biofi|Bioregional Finance]]"
2025-08-02T06:18:28.824Z,"artifacts/patterns/community-governance.md",69,wikilink,"[[/notes/rpp/rpp-working-docs/municipal-mycofi|Municipal MycoFi]]","[[notes/rpp/rpp-working-docs/municipal-mycofi|Municipal MycoFi]]"
2025-08-02T06:18:28.824Z,"artifacts/patterns/community-governance.md",73,wikilink,"[[/tags/defi|Defi]]","[[tags/defi|Defi]]"
2025-08-02T06:18:28.824Z,"artifacts/patterns/community-governance.md",75,wikilink,"[[/tags/coordi-nations|Coordi-nations]]","[[tags/coordi-nations|Coordi-nations]]"
2025-08-02T06:18:28.824Z,"artifacts/patterns/community-governance.md",103,wikilink,"[[/artifacts/patterns/operational-governance|Operational Governance]]","[[artifacts/patterns/operational-governance|Operational Governance]]"
2025-08-02T06:18:28.824Z,"artifacts/patterns/community-governance.md",105,wikilink,"[[/tags/coordi-nations|Coordi-nations]]","[[tags/coordi-nations|Coordi-nations]]"
2025-08-02T06:18:28.824Z,"artifacts/patterns/community-governance.md",106,wikilink,"[[/notes/rpp/rpp-working-docs/token-based-governance|Token based governance]]","[[notes/rpp/rpp-working-docs/token-based-governance|Token based governance]]"
2025-08-02T06:18:28.824Z,"artifacts/articles/Reimagining Power - How Web3 Can Transform Impact.md",8,markdown,"[power](/tags/power.md)","[power](tags/power.md)"
2025-08-02T06:18:28.824Z,"artifacts/articles/Reimagining Power - How Web3 Can Transform Impact.md",8,markdown,"[resources](/tags/resources.md)","[resources](tags/resources.md)"
2025-08-02T06:18:28.824Z,"artifacts/articles/Reimagining Power - How Web3 Can Transform Impact.md",8,markdown,"[systems](/tags/systems.md)","[systems](tags/systems.md)"
2025-08-02T06:18:28.824Z,"artifacts/articles/Reimagining Power - How Web3 Can Transform Impact.md",22,markdown,"[Web3](/tags/blockchain.md)","[Web3](tags/blockchain.md)"
2025-08-02T06:18:28.824Z,"artifacts/articles/Reimagining Power - How Web3 Can Transform Impact.md",24,markdown,"[blockchain](/tags/blockchain.md)","[blockchain](tags/blockchain.md)"
2025-08-02T06:18:28.824Z,"artifacts/articles/Reimagining Power - How Web3 Can Transform Impact.md",24,markdown,"[Decentralized Autonomous Organizations (DAOs)](/tags/daos.md)","[Decentralized Autonomous Organizations (DAOs)](tags/daos.md)"
2025-08-02T06:18:28.824Z,"artifacts/articles/Reimagining Power - How Web3 Can Transform Impact.md",100,markdown,"[DeFi](/tags/defi.md)","[DeFi](tags/defi.md)"
2025-08-02T06:18:28.824Z,"artifacts/articles/Reimagining Power - How Web3 Can Transform Impact.md",110,markdown,"[decentralized governance](/tags/governance.md)","[decentralized governance](tags/governance.md)"
2025-08-02T06:18:28.824Z,"artifacts/articles/Reimagining Power - How Web3 Can Transform Impact.md",110,markdown,"[DAOs](/tags/daos.md)","[DAOs](tags/daos.md)"
2025-08-02T06:18:28.824Z,"artifacts/patterns/progressive-web3-adoption.md",25,wikilink,"[[/tags/web3|Web3]]","[[tags/web3|Web3]]"
2025-08-02T06:18:28.824Z,"artifacts/patterns/progressive-web3-adoption.md",29,wikilink,"[[/tags/governance|governance]]","[[tags/governance|governance]]"
2025-08-02T06:18:28.824Z,"artifacts/patterns/progressive-web3-adoption.md",29,wikilink,"[[/tags/decentralization|decentralized]]","[[tags/decentralization|decentralized]]"
2025-08-02T06:18:28.824Z,"artifacts/patterns/progressive-web3-adoption.md",38,wikilink,"[[/tags/networks|Networks]]","[[tags/networks|Networks]]"
2025-08-02T06:18:28.824Z,"artifacts/patterns/progressive-web3-adoption.md",169,wikilink,"[[/tags/community|Community]]","[[tags/community|Community]]"
2025-08-02T06:18:28.824Z,"artifacts/patterns/progressive-web3-adoption.md",320,wikilink,"[[/artifacts/patterns/fiscal-bridge-pattern|Fiscal Bridge Pattern]]","[[artifacts/patterns/fiscal-bridge-pattern|Fiscal Bridge Pattern]]"
2025-08-02T06:18:28.824Z,"artifacts/patterns/progressive-web3-adoption.md",321,wikilink,"[[/artifacts/patterns/community-governance|Community Governance Pattern]]","[[artifacts/patterns/community-governance|Community Governance Pattern]]"
2025-08-02T06:18:28.824Z,"artifacts/patterns/progressive-web3-adoption.md",354,wikilink,"[[/tags/transformation|transformation]]","[[tags/transformation|transformation]]"
2025-08-02T06:18:28.824Z,"artifacts/patterns/poetic-harvesting.md",31,wikilink,"[[/tags/community|communities]]","[[tags/community|communities]]"
2025-08-02T06:18:28.824Z,"artifacts/patterns/poetic-harvesting.md",60,wikilink,"[[/tags/gatherings|gatherings]]","[[tags/gatherings|gatherings]]"
2025-08-02T06:18:28.824Z,"artifacts/patterns/poetic-harvesting.md",63,wikilink,"[[/tags/sensemaking|sensemaking]]","[[tags/sensemaking|sensemaking]]"
2025-08-02T06:18:28.824Z,"artifacts/patterns/poetic-harvesting.md",91,wikilink,"[[/tags/governance|governance]]","[[tags/governance|governance]]"
2025-08-02T06:18:28.824Z,"artifacts/patterns/poetic-harvesting.md",99,markdown,"[Poetic Harvesting Implementation Guide](/artifacts/guides/poetic-harvesting-guide.md)","[Poetic Harvesting Implementation Guide](artifacts/guides/poetic-harvesting-guide.md)"
2025-08-02T06:18:28.824Z,"artifacts/patterns/poetic-harvesting.md",104,markdown,"[AIFS Poetic Harvests Collection](/notes/aifs/poetic-harvests/)","[AIFS Poetic Harvests Collection](notes/aifs/poetic-harvests/)"
2025-08-02T06:18:28.824Z,"artifacts/patterns/poetic-harvesting.md",107,markdown,"[Community Governance](/artifacts/patterns/community-governance.md)","[Community Governance](artifacts/patterns/community-governance.md)"
2025-08-02T06:18:28.824Z,"artifacts/patterns/poetic-harvesting.md",108,markdown,"[Knowledge Gardens](/artifacts/patterns/knowledge-gardens.md)","[Knowledge Gardens](artifacts/patterns/knowledge-gardens.md)"
2025-08-02T06:18:28.824Z,"artifacts/articles/governance-for-better-futures/Governance for better futures - New and Old.md",14,markdown,"[governance](/tags/governance.md)","[governance](tags/governance.md)"
2025-08-02T06:18:28.824Z,"artifacts/articles/governance-for-better-futures/Governance for better futures - New and Old.md",14,markdown,"[web3](/tags/blockchain.md)","[web3](tags/blockchain.md)"
2025-08-02T06:18:28.824Z,"artifacts/articles/governance-for-better-futures/Governance for better futures - New and Old.md",35,markdown,"[systems](/tags/systems.md)","[systems](tags/systems.md)"
2025-08-02T06:18:28.824Z,"artifacts/articles/governance-for-better-futures/Governance for better futures - New and Old.md",35,markdown,"[networks](/tags/networks.md)","[networks](tags/networks.md)"
2025-08-02T06:18:28.824Z,"artifacts/articles/governance-for-better-futures/Governance for better futures - New and Old.md",35,markdown,"[DAOs](/tags/daos.md)","[DAOs](tags/daos.md)"
2025-08-02T06:18:28.824Z,"artifacts/articles/governance-for-better-futures/Governance for better futures - New and Old.md",59,markdown,"[power](/tags/power.md)","[power](tags/power.md)"
2025-08-02T06:18:28.824Z,"artifacts/articles/governance-for-better-futures/Governance for better futures - New and Old.md",59,markdown,"[decentralised](/tags/decentralization.md)","[decentralised](tags/decentralization.md)"
2025-08-02T06:18:28.824Z,"artifacts/articles/governance-for-better-futures/Governance for better futures - New and Old.md",61,markdown,"[community](/tags/community.md)","[community](tags/community.md)"
2025-08-02T06:18:28.824Z,"artifacts/articles/governance-for-better-futures/Governance for better futures - DAO 2 DAO Co-operation.md",13,markdown,"[governance](/tags/governance.md)","[governance](tags/governance.md)"
2025-08-02T06:18:28.824Z,"artifacts/articles/governance-for-better-futures/Governance for better futures - DAO 2 DAO Co-operation.md",13,markdown,"[Web3](/tags/blockchain.md)","[Web3](tags/blockchain.md)"
2025-08-02T06:18:28.824Z,"artifacts/articles/governance-for-better-futures/Governance for better futures - DAO 2 DAO Co-operation.md",32,markdown,"[DAOs](/tags/daos.md)","[DAOs](tags/daos.md)"
2025-08-02T06:18:28.824Z,"artifacts/articles/governance-for-better-futures/Governance for better futures - DAO 2 DAO Co-operation.md",32,markdown,"[Decentralised](/tags/decentralization.md)","[Decentralised](tags/decentralization.md)"
2025-08-02T06:18:28.824Z,"artifacts/articles/governance-for-better-futures/Governance for better futures - DAO 2 DAO Co-operation.md",34,markdown,"[cooperation](/tags/coordination.md)","[cooperation](tags/coordination.md)"
2025-08-02T06:18:28.824Z,"artifacts/articles/governance-for-better-futures/Governance for better futures - DAO 2 DAO Co-operation.md",36,markdown,"[networks](/tags/networks.md)","[networks](tags/networks.md)"
2025-08-02T06:18:28.824Z,"artifacts/articles/governance-for-better-futures/Governance for better futures - DAO 2 DAO Co-operation.md",58,markdown,"[communities](/tags/community.md)","[communities](tags/community.md)"
2025-08-02T06:18:28.824Z,"artifacts/articles/governance-for-better-futures/Governance for better futures - DAO 2 DAO Co-operation.md",151,markdown,"[treasury](/tags/treasury.md)","[treasury](tags/treasury.md)"
2025-08-02T06:18:28.824Z,"artifacts/articles/network-evolution/Minimum Viable Permissionless-ness.md",23,markdown,"[cells](/tags/cells.md)","[cells](tags/cells.md)"
2025-08-02T06:18:28.824Z,"artifacts/articles/network-evolution/Minimum Viable Permissionless-ness.md",23,markdown,"[resources](/tags/resources.md)","[resources](tags/resources.md)"
2025-08-02T06:18:28.824Z,"artifacts/articles/network-evolution/Minimum Viable Permissionless-ness.md",23,markdown,"[decisions](/tags/decisions.md)","[decisions](tags/decisions.md)"
2025-08-02T06:18:28.824Z,"artifacts/articles/network-evolution/Minimum Viable Permissionless-ness.md",130,markdown,"[Network Scale](/artifacts/guides/dao-primitives-framework/group-scale/network-scale.md)","[Network Scale](artifacts/guides/dao-primitives-framework/group-scale/network-scale.md)"
2025-08-02T06:18:28.824Z,"artifacts/articles/network-evolution/Minimum Viable Permissionless-ness.md",132,markdown,"[scale](/tags/scale.md)","[scale](tags/scale.md)"
2025-08-02T06:18:28.824Z,"artifacts/articles/network-evolution/Minimum Viable Permissionless-ness.md",136,markdown,"[DAOs - From fractal primitives to network scale.](/artifacts/articles/network-evolution/DAOs - From fractal primitives to network scale..md)","[DAOs - From fractal primitives to network scale.](artifacts/articles/network-evolution/DAOs - From fractal primitives to network scale..md)"
2025-08-02T06:18:28.824Z,"artifacts/articles/network-evolution/Minimum Viable Permissionless-ness.md",138,markdown,"[Building DAOs as scalable networks](/artifacts/articles/network-evolution/Building DAOs as scalable networks.md)","[Building DAOs as scalable networks](artifacts/articles/network-evolution/Building DAOs as scalable networks.md)"
2025-08-02T06:18:28.824Z,"notes/rpp/rpp-experiments/equality-fund/equality-fund.md",7,wikilink,"[[/artifacts/experiments/experiments.md|Experiments]]","[[artifacts/experiments/experiments.md|Experiments]]"
2025-08-02T06:18:28.824Z,"notes/rpp/rpp-experiments/equality-fund/equality-fund.md",8,wikilink,"[[/experiments/case-studies.md|Case Studies]]","[[experiments/case-studies.md|Case Studies]]"
2025-08-02T06:18:28.824Z,"notes/rpp/rpp-experiments/equality-fund/equality-fund.md",20,wikilink,"[[/tags/participatory-governance|Participatory Governance]]","[[tags/participatory-governance|Participatory Governance]]"
2025-08-02T06:18:28.824Z,"notes/rpp/rpp-experiments/equality-fund/equality-fund.md",22,wikilink,"[[/tags/local-nodes|Local Nodes]]","[[tags/local-nodes|Local Nodes]]"
2025-08-02T06:18:28.824Z,"notes/rpp/rpp-experiments/equality-fund/equality-fund.md",23,wikilink,"[[/tags/impact-attestations|Impact Attestations]]","[[tags/impact-attestations|Impact Attestations]]"
2025-08-02T06:18:28.824Z,"artifacts/articles/network-evolution/DAOs - From fractal primitives to network scale..md",18,markdown,"[Scale](/tags/scale.md)","[Scale](tags/scale.md)"
2025-08-02T06:18:28.824Z,"artifacts/articles/network-evolution/DAOs - From fractal primitives to network scale..md",52,markdown,"[cells](/tags/cells.md)","[cells](tags/cells.md)"
2025-08-02T06:18:28.824Z,"artifacts/articles/network-evolution/DAOs - From fractal primitives to network scale..md",58,markdown,"[Cells](/tags/cells.md)","[Cells](tags/cells.md)"
2025-08-02T06:18:28.824Z,"artifacts/articles/network-evolution/DAOs - From fractal primitives to network scale..md",159,markdown,"[Scale and the levers that provide DAOs their power](/artifacts/articles/network-evolution/Scale and the levers that provide DAOs their power.md)","[Scale and the levers that provide DAOs their power](artifacts/articles/network-evolution/Scale and the levers that provide DAOs their power.md)"
2025-08-02T06:18:28.824Z,"artifacts/articles/network-evolution/DAOs - From fractal primitives to network scale..md",160,markdown,"[Minimum Viable Permissionless-ness](/artifacts/articles/network-evolution/Minimum Viable Permissionless-ness.md)","[Minimum Viable Permissionless-ness](artifacts/articles/network-evolution/Minimum Viable Permissionless-ness.md)"
2025-08-02T06:18:28.824Z,"artifacts/articles/governance-for-better-futures/governance-for-better-futures.md",14,markdown,"[governance](/tags/governance.md)","[governance](tags/governance.md)"
2025-08-02T06:18:28.824Z,"artifacts/articles/governance-for-better-futures/governance-for-better-futures.md",22,markdown,"[daos](/tags/daos.md)","[daos](tags/daos.md)"
2025-08-02T06:18:28.824Z,"artifacts/articles/governance-for-better-futures/governance-for-better-futures.md",22,markdown,"[decentralised](/tags/decentralization.md)","[decentralised](tags/decentralization.md)"
2025-08-02T06:18:28.824Z,"artifacts/articles/governance-for-better-futures/governance-for-better-futures.md",22,markdown,"[networks](/tags/networks.md)","[networks](tags/networks.md)"
2025-08-02T06:18:28.824Z,"artifacts/articles/governance-for-better-futures/governance-for-better-futures.md",24,markdown,"[regeneration](/tags/regeneration.md)","[regeneration](tags/regeneration.md)"
2025-08-02T06:18:28.824Z,"artifacts/articles/governance-for-better-futures/Exploring governance for better futures.md",14,markdown,"[governance](/tags/governance.md)","[governance](tags/governance.md)"
2025-08-02T06:18:28.824Z,"artifacts/articles/governance-for-better-futures/Exploring governance for better futures.md",22,markdown,"[daos](/tags/daos.md)","[daos](tags/daos.md)"
2025-08-02T06:18:28.824Z,"artifacts/articles/governance-for-better-futures/Exploring governance for better futures.md",22,markdown,"[decentralised](/tags/decentralization.md)","[decentralised](tags/decentralization.md)"
2025-08-02T06:18:28.824Z,"artifacts/articles/governance-for-better-futures/Exploring governance for better futures.md",22,markdown,"[networks](/tags/networks.md)","[networks](tags/networks.md)"
2025-08-02T06:18:28.824Z,"artifacts/articles/governance-for-better-futures/Exploring governance for better futures.md",24,markdown,"[regeneration](/tags/regeneration.md)","[regeneration](tags/regeneration.md)"
2025-08-02T06:18:28.824Z,"notes/rpp/rpp-experiments/the-ics/the-ics.md",7,wikilink,"[[/artifacts/experiments/experiments.md|Experiments]]","[[artifacts/experiments/experiments.md|Experiments]]"
2025-08-02T06:18:28.824Z,"notes/rpp/rpp-experiments/the-ics/the-ics.md",8,wikilink,"[[/experiments/case-studies.md|Case Studies]]","[[experiments/case-studies.md|Case Studies]]"
2025-08-02T06:18:28.824Z,"notes/rpp/rpp-experiments/the-ics/the-ics.md",22,wikilink,"[[/tags/p2p-payments|Peer to peer payments]]","[[tags/p2p-payments|Peer to peer payments]]"
2025-08-02T06:18:28.824Z,"notes/rpp/rpp-experiments/the-ics/the-ics.md",23,wikilink,"[[/notes/rpp/rpp-working-docs/multistakeholder-governance|Multistakeholder governance]]","[[notes/rpp/rpp-working-docs/multistakeholder-governance|Multistakeholder governance]]"
2025-08-02T06:18:28.824Z,"artifacts/guides/poetic-harvesting-guide.md",17,markdown,"[Poetic Harvesting](/artifacts/patterns/poetic-harvesting.md)","[Poetic Harvesting](artifacts/patterns/poetic-harvesting.md)"
2025-08-02T06:18:28.824Z,"artifacts/guides/poetic-harvesting-guide.md",19,markdown,"[Poetic Harvesting Pattern](/artifacts/patterns/poetic-harvesting.md)","[Poetic Harvesting Pattern](artifacts/patterns/poetic-harvesting.md)"
2025-08-02T06:18:28.824Z,"artifacts/guides/poetic-harvesting-guide.md",248,markdown,"[AIFS Poetic Harvests Collection](/notes/aifs/poetic-harvests/)","[AIFS Poetic Harvests Collection](notes/aifs/poetic-harvests/)"
2025-08-02T06:18:28.824Z,"artifacts/guides/poetic-harvesting-guide.md",267,markdown,"[Poetic Harvesting Pattern](/artifacts/patterns/poetic-harvesting.md)","[Poetic Harvesting Pattern](artifacts/patterns/poetic-harvesting.md)"
2025-08-02T06:18:28.824Z,"links/readme.md",19,markdown,"[CONTRIBUTING.md](/CONTRIBUTING.md)","[CONTRIBUTING.md](CONTRIBUTING.md)"
2025-08-02T06:18:28.824Z,"links/readme.md",24,markdown,"[CONTRIBUTING.md](/CONTRIBUTING.md)","[CONTRIBUTING.md](CONTRIBUTING.md)"
2025-08-02T06:18:28.824Z,"artifacts/patterns/gatherings.md",135,markdown,"[Participatory Governance](/tags/participatory-governance)","[Participatory Governance](tags/participatory-governance)"
2025-08-02T06:18:28.824Z,"artifacts/patterns/gatherings.md",136,markdown,"[Local Nodes](/tags/local-nodes.md)","[Local Nodes](tags/local-nodes.md)"
2025-08-02T06:18:28.824Z,"artifacts/patterns/fiscal-bridge-pattern.md",254,wikilink,"[[/artifacts/patterns/progressive-web3-adoption|Progressive Web3 Adoption]]","[[artifacts/patterns/progressive-web3-adoption|Progressive Web3 Adoption]]"
2025-08-02T06:18:28.824Z,"artifacts/patterns/fiscal-bridge-pattern.md",257,wikilink,"[[/drafts/artifacts/working-docs/fiscal-bridge-primitive/fiscal-bridge-primitive|Fiscal Bridge Primitive]]","[[drafts/artifacts/working-docs/fiscal-bridge-primitive/fiscal-bridge-primitive|Fiscal Bridge Primitive]]"
